,r2,mae,mape,median_ae
1,0.43222055004478543,1941.8299212214117,1.7164304181404055e+18,1103.6612874939763
2,0.47031173544280325,1750.3359107077715,1.408193364460543e+18,801.0823698334812
3,0.49654813189977853,1685.6001766776135,1.2117286680093192e+18,707.0967974012674
4,0.49937325391040777,1629.1741266350693,1.0826914985170135e+18,664.2331166229064
5,0.4778086926551832,1648.4714608187849,1.186674294102757e+18,661.5553902148135
