,r2,mae,mape,median_ae
1,-0.4269743416994949,2880.934939141246,1.5691625165783652e+18,1270.5
2,-0.2403553714113731,2514.6062312101326,1.5912638614713393e+18,793.818181818182
3,-0.11305736082643225,2358.3648110558793,1.4643779921636457e+18,633.0
4,-0.13519032605624548,2348.433814359332,1.549907260003399e+18,585.5
5,-0.14758336720690046,2300.734878808554,1.378522725016274e+18,561.0344827586205
6,-0.054948447448368576,2240.760668729838,1.46664933951273e+18,589.0
